{
  "metadata": {
    "timestamp": "2026-02-10T22:51:55.483Z",
    "testRun": "k6-lab-only-1770763904",
    "namespace": "albarbaro-load-test",
    "testScript": "lab-only"
  },
  "prometheus": null,
  "postgres": null,
  "errors": [],
  "k6Metrics": {
      "http_req_duration": {
        "p(90)": 26.0109762,
        "p(95)": 28.466642599999997,
        "avg": 14.392263666666667,
        "min": 5.888837,
        "med": 6.365645,
        "max": 30.922309
      },
      "http_reqs": {
        "count": 3,
        "rate": 28.276698656221534
      },
      "http_req_failed": {
        "rate": 0,
        "passes": 0,
        "fails": 3
      },
      "vus": {
        "value": 0,
        "min": 0,
        "max": 0
      },
      "iterations": {
        "count": 1,
        "rate": 9.42556621874051
      }
    }
}