{
  "metadata": {
    "timestamp": "2026-02-11T17:35:05.263Z",
    "testRun": "k6-lab-only-1770831288",
    "namespace": "albarbaro-load-test",
    "testScript": "lab-only"
  },
  "prometheus": null,
  "postgres": null,
  "errors": [],
  "k6Metrics": {
      "http_req_duration": {
        "min": 6.091315,
        "med": 6.29415,
        "max": 43.795023,
        "p(90)": 36.2948484,
        "p(95)": 40.044935699999996,
        "avg": 18.726829333333335
      },
      "http_reqs": {
        "rate": 31.181959016553442,
        "count": 3
      },
      "http_req_failed": {
        "rate": 0,
        "passes": 0,
        "fails": 3
      },
      "vus": {
        "min": 0,
        "max": 0,
        "value": 0
      },
      "iterations": {
        "count": 1,
        "rate": 10.393986338851148
      }
    }
}