{
  "metadata": {
    "timestamp": "2026-02-10T22:55:12.162Z",
    "testRun": "k6-lab-only-1770764100",
    "namespace": "albarbaro-load-test",
    "testScript": "lab-only"
  },
  "prometheus": null,
  "postgres": null,
  "errors": [],
  "k6Metrics": {
      "http_req_duration": {
        "max": 87.604028,
        "p(90)": 71.3866038,
        "p(95)": 79.4953159,
        "avg": 33.54527266666667,
        "min": 6.514883,
        "med": 6.516907
      },
      "http_reqs": {
        "count": 3,
        "rate": 19.491810681422592
      },
      "http_req_failed": {
        "rate": 0,
        "passes": 0,
        "fails": 3
      },
      "vus": {
        "value": 0,
        "min": 0,
        "max": 0
      },
      "iterations": {
        "count": 1,
        "rate": 6.497270227140864
      }
    }
}